place_id,nom,adresse,latitude,longitude,site_web,telephone,note,nb_avis,categories,requetes_sources,type_entreprise,secteur_probable,a_site_web,a_des_avis,distance_centre_km
ChIJDUsASqzvrw0RjAz6wF_z1fw,Gitex Africa,"Place Bab Jdid, Bd Al Yarmouk, Marrakesh 40000, Maroc",31.6209902,-7.999300799999999,https://www.gitexafrica.com/,43086566.0,4.5,364,"['service', 'point_of_interest', 'event_venue', 'establishment']",startup Marrakech; startup technologique Marrakech; AI startup Marrakech,Startup,IA / Data,True,True,1.104041501745806
ChIJ0aY8dhbvrw0RwiLirDttGrs,Goworking Marrakech,"3ème étage, immeuble Ghandouri, 61 Rue Yougoslavie, Marrakech 40000, Maroc",31.6352717,-8.0143092,http://goworking.ma/,648913284.0,4.9,122,"['coworking_space', 'point_of_interest', 'establishment']",startup Marrakech; AI startup Marrakech,Startup,IA / Data,True,True,2.608770838118234
ChIJqz5mG4rrrw0RToqd5cDjBlk,Emerging Business Factory - EBF,"61, Quartier Industriel Sidi Ghanem Route Safi À côté de la Mouqataâa، MXG3+C3, Marrakech 40000, Maroc",31.676042,-8.047274999999999,https://www.emergingbusinessfactory.com/,665701442.0,4.7,104,"['coworking_space', 'point_of_interest', 'service', 'establishment']",startup Marrakech; incubateur startup Marrakech; jeune entreprise innovante Marrakech; AI startup Marrakech,Startup,IA / Data,True,True,7.844324816429179
ChIJjfFPc93vrw0RELZM0kNWIMk,business center 2.0 : domiciliation juridique - création de société - business plan - formation - Coworking space,"Massira 2 B N358, 3ème étage, Marrakech 40000, Maroc",31.6313514,-8.0667673,http://www.marocdomiciliation.net/,702050510.0,5.0,74,"['consultant', 'point_of_interest', 'service', 'establishment']",startup Marrakech; AI startup Marrakech,Startup,IA / Data,True,True,7.379298193585218
ChIJl84_50Xvrw0RGen_zGuS6ZI,"AlloBaba - Agence Digitale Marrakech, Création Site Web, Stratégie et Communication, Digital Marketing Agency","5eme etage، résidence boukar، 13 Rue Moslem, مراكش 40000, Maroc",31.639648,-7.998926,https://allobaba.co/,664072360.0,4.9,49,"['consultant', 'point_of_interest', 'service', 'establishment']",digital agency Marrakech; startup Marrakech; AI startup Marrakech,Startup,IA / Data,True,True,1.799019765946476
ChIJodtvrg_vrw0R8Jcn5xyWBj4,Architecte Marrakech - Kenza Rachadi,"Bureau D3, 4ème étage, Sinko, Immeuble Riad Nawal G, Avenue Mouzdalifa, Marrakech 40000, Maroc",31.6487837,-8.010872599999999,,650785301.0,5.0,42,"['establishment', 'association_or_organization', 'government_office', 'service', 'general_contractor', 'local_government_office', 'point_of_interest']",jeune entreprise innovante Marrakech,Startup,IA / Data,False,True,3.283295274040623
ChIJNwm4sbzvrw0RoIJ97Ood6cE,ELBAHI.NET - Agence de communication à Marrakech,"Résidence SIBAM II, Av. Moulay El Hassan, Marrakech 40000, Maroc",31.6291481,-8.003984599999999,https://elbahi.net/,662509912.0,4.9,42,"['point_of_interest', 'service', 'establishment']",AI startup Marrakech,Startup,IA / Data,True,True,1.457615948768755
ChIJu2ZfVO2DyUwRZEjUOi9UiDM,USP Universal startup,"Appartement N°2, Immeuble, N°11 Avenue Palestine, Marrakesh 40000, Maroc",31.6480045,-7.999905999999999,https://www.uspmarrakech.online/,664892395.0,4.1,27,"['school', 'point_of_interest', 'establishment', 'educational_institution']",startup Marrakech; startup technologique Marrakech; AI startup Marrakech,Startup,IA / Data,True,True,2.672571596136969
ChIJqWgOSUTprw0R22xxBKniv8Q,Optimize Marketing,"El Massira 2 A N°604 Imm Dikra 26, App N°10, Marrakesh 40000, Maroc",31.629686,-8.0626297,https://optimizer.ma/,630778124.0,5.0,19,"['point_of_interest', 'service', 'establishment']",AI startup Marrakech,Startup,IA / Data,True,True,6.975151467637847
ChIJvz8KHwDtrw0RCnuWpsi1uGU,OFFZONE,"Résidence AYA, Bd Abdelkrim Al Khattabi, Marrakech 40000, Maroc",31.6532705,-8.0195986,https://offzone.net/,766734003.0,4.8,17,"['point_of_interest', 'service', 'establishment']",startup Marrakech; AI startup Marrakech,Startup,IA / Data,True,True,4.203157509594363
ChIJPcCsdK7prw0RsdQtCoJqDt4,M4Nature,"Massira 1, Bloc B, N 296, Marrakech 40140, Maroc",31.6318131,-8.0588608,https://m4nature.com/,663520361.0,4.9,7,"['establishment', 'point_of_interest', 'tea_store', 'food', 'health', 'store', 'food_store']",startup Marrakech; AI startup Marrakech,Startup,IA / Data,True,True,6.63859855848688
ChIJsfNDCyvvrw0R93c-A8qaULo,Kanteek,"D, 5e étage, appartement 52, Résidence Le Noyer, Rue Ibn Sina, Marrakech 40000, Maroc",31.6387546,-8.0102583,https://kanteek.cloud/fr,727582024.0,5.0,5,"['consultant', 'point_of_interest', 'service', 'establishment']",startup Marrakech; startup technologique Marrakech; AI startup Marrakech,Startup,IA / Data,True,True,2.4673157414409
ChIJRdghfVTtrw0RkL9-qWVzrlY,Wemaky Consulting,"Résidence MAROUANE 5, 1er Etage, Porte N°2, Bd Allal Al Fassi, Marrakech 40000, Maroc",31.6653948,-8.0102569,http://www.wemaky.com/?utm_source=google&utm_medium=wix_google_business_profile&utm_campaign=8836354527750565417,608611453.0,4.5,4,"['point_of_interest', 'service', 'establishment']",AI startup Marrakech,Startup,IA / Data,True,True,4.836847565725087
ChIJYxgplmvprw0RHM0X1THPmas,Ayoub Rocket - Expert SEO Marrakech,"1C, 290 S LOT MASSIRA, Marrakech 40140, Maroc",31.6386631,-8.060158,https://ayoubrocket.ma/,680202025.0,5.0,2,"['point_of_interest', 'service', 'establishment']",startup Marrakech; AI startup Marrakech,Startup,IA / Data,True,True,6.87777891274728
ChIJtSY8ZZ3urw0RZN0J9eP1z0k,Faculté des Sciences Semlalia,"JXXM+JRM, Bd Prince Moulay Abdellah, Marrakech 40000, Maroc",31.6490864,-8.0154408,http://biblio-fssm.uca.ma/,524434649.0,4.3,345,"['establishment', 'service', 'point_of_interest', 'library', 'educational_institution', 'university']",machine learning company Marrakech,Entreprise établie,IA / Data,True,True,3.594862246517138
ChIJ19nTunnvrw0RyOEdO3uUFyY,Location moto / Motomar agency rental,"148 Rue de La Kasbah, Marrakesh 40000, Maroc",31.61387269999999,-7.987889999999998,http://www.motormarrakech.com/,602459699.0,4.8,317,"['point_of_interest', 'service', 'establishment']",machine learning company Marrakech,Entreprise établie,IA / Data,True,True,1.331194842584295
ChIJ-0KUDc3trw0RU3SLsz2dVNE,Université Cadi Ayyad,"Bd Abdelkrim Al Khattabi, Marrakech 40000, Maroc",31.642842,-8.0197133,http://www.uca.ma/,524434885.0,4.1,156,"['establishment', 'university', 'point_of_interest', 'educational_institution']",machine learning company Marrakech,Entreprise établie,IA / Data,True,True,3.46277314457584
ChIJjTGzIsrvrw0RXEK8AMi9iAA,Rankly Media - Agence de Marketing Digital,"Bâtiment 25 Al, Rue Hassania, Marrakech 40001, Maroc",31.6346935,-8.0083979,https://ranklymedia.com/,660604240.0,5.0,152,"['establishment', 'service', 'consultant', 'marketing_consultant', 'point_of_interest']",digital agency Marrakech,Entreprise établie,IA / Data,True,True,2.077526863831534
ChIJD9IrXp7urw0R-pZQkw8w-Sw,ENSA : École Nationale des Sciences Appliquées_Marrakech,"BP 575 Bd Abdelkrim Al Khattabi, Guéliz، 40000, Maroc",31.6468681,-8.0203655,https://ensa-marrakech.uca.ma/en/,524434745.0,3.9,120,"['establishment', 'university', 'point_of_interest', 'educational_institution']",machine learning company Marrakech,Entreprise établie,IA / Data,True,True,3.774818940917855
ChIJmfSzzOjvrw0RSP_TlBVh7FQ,Up Informatique - Assistance Informatique Marrakech,"Marrakech 40000, Maroc",31.6368939,-8.0190387,http://www.upinformatique.ma/,691490960.0,5.0,110,"['establishment', 'association_or_organization', 'service', 'consultant', 'point_of_interest']",entreprise IT Marrakech,Entreprise établie,IA / Data,True,True,3.091271420567165
ChIJiS0Mqfbvrw0RRLGpJq-8bB8,M-Beauty Pro Academy,"JXMR+H6C Maroc , 31°38'02.2""N 8°00'34.1""W, En face de Zara et au dessus du café élite, Marrakech 40000, Maroc",31.6336166,-8.0097956,https://m-beautyacademy.com/,668681768.0,4.8,108,"['coworking_space', 'point_of_interest', 'establishment', 'educational_institution']",machine learning company Marrakech,Entreprise établie,IA / Data,True,True,2.143531576871059
ChIJSeY-ZLHvrw0Rl-igaodSiSM,KM Beauty Academy le distributeur officiel de la marque Ekseption au Maroc.,"Centre d'affaire Josefine, Bd Allal Al Fassi, Marrakech 40000, Maroc",31.6398837,-7.9997342,https://kmbeautyacademy.com/,524432025.0,5.0,63,"['point_of_interest', 'establishment', 'educational_institution']",machine learning company Marrakech,Entreprise établie,IA / Data,True,True,1.861742639622195
ChIJU2DKWS3srw0Rc1Ua349DYE8,Norsys Afrique,"Lot. Koutoubia villa n° 39, Quartier, Marrakech 40080, Maroc",31.66189439999999,-8.0036486,https://www.norsys.fr/,524300462.0,4.7,41,"['point_of_interest', 'service', 'establishment']",machine learning company Marrakech,Entreprise établie,IA / Data,True,True,4.243232073275877
ChIJj-ldh1zvrw0RIE-3iAlC1KA,ACTI Digital | Agence de communication & marketing digital | Création site web | SEO | Réseaux sociaux Marrakech,"5ème étage, Espace Guéliz, 23 Av. Yacoub El Mansour, Marrakech 40000, Maroc",31.63839579999999,-8.0067722,https://acti.ma/,663424176.0,5.0,28,"['point_of_interest', 'service', 'establishment']",digital agency Marrakech,Entreprise établie,IA / Data,True,True,2.181964419419274
ChIJ2Zp3-QHvrw0Rp5gzbnkRu24,Logic Technologies Morocco,"2ème Étage, M Business, M Avenue, Marrakech 40000, Maroc",31.6219313,-8.0172201,https://www.logictechnologies.ma/,661656172.0,5.0,24,"['point_of_interest', 'service', 'establishment']",technology consulting Marrakech; machine learning company Marrakech,Entreprise établie,IA / Data,True,True,2.697035762222507
ChIJq-OchoPvrw0RtGfB9sNnrsc,Syndic Connect - Logiciel de gestion de copropriété au Maroc,"Appartement N° 2, 3, Centre d'Affaires Al Abraj, Immeuble C Bd 11 Janvier, Marrakech 40030, Maroc",31.6393749,-7.9983929,https://syndicconnect.ma/,667975812.0,5.0,14,"['establishment', 'association_or_organization', 'service', 'consultant', 'point_of_interest']",software development company Marrakech,Entreprise établie,IA / Data,True,True,1.747146158751531
ChIJHWx7rkXkW4MRB5t64ESdB40,RocketMe Up,"HXV9+WR3, Marrakech 40160, Maroc",31.5947626,-8.0304681,https://rocketmeup.com/,660010350.0,5.0,14,"['point_of_interest', 'service', 'establishment']",machine learning company Marrakech,Entreprise établie,IA / Data,True,True,5.220840002736407
ChIJVajYK0zvrw0RfP9VAvAMulA,"N.Synergy Bureau d'Étude Technique, Développement web","4eme Etage N° 17, Centre d'affaires JOUDAD, N9, Marrakech 40000, Maroc",31.6564331,-8.017696899999999,https://www.nsynergy.ma/,688212223.0,4.6,7,"['establishment', 'government_office', 'service', 'health', 'consultant', 'point_of_interest']",data science company Marrakech,Entreprise établie,IA / Data,True,True,4.350996583762648
ChIJnUvH9aztrw0RYLenJy-32tQ,POWABU | Agence IA & Automatisation,"Burj Malak, 2ème étage, bureau N°27, Immeuble Burj Malak, Rte de Safi, Marrakech 40000, Maroc",31.6644442,-8.032791,https://powabu.ma/agence-ia-marrakech/,680792542.0,5.0,5,"['point_of_interest', 'service', 'establishment']",software development company Marrakech; artificial intelligence company Marrakech,Entreprise établie,IA / Data,True,True,5.964055012080713
ChIJ175W-o3urw0RZxKpVGbzq04,Guermai Informatique,"Hotel imperial Plaza Magasin, N° 1 Bd Abdelkrim Al Khattabi, Marrakech 40000, Maroc",31.6457412,-8.016718299999999,http://www.guermai-informatique.com/,524448124.0,5.0,4,"['point_of_interest', 'service', 'establishment']",entreprise IT Marrakech,Entreprise établie,IA / Data,True,True,3.428285010167445
ChIJf_2_LkLtrw0RtBErLCQ5taI,HIGH INTELLIGENCE,"Unnamed Road, Marrakech 40000, Maroc",31.6426543,-8.0195927,http://www.high-intelligence.ma/,522980196.0,5.0,1,"['corporate_office', 'government_office', 'point_of_interest', 'establishment']",intelligence artificielle Marrakech,Entreprise établie,IA / Data,True,True,3.441816009681423
ChIJAecJD4rtrw0Rk3WDc3Zxfyk,Domotique électricité informatique Marrakech clostrav,"imm. 9 RDC, 40100, Adresse :, Rés Sakan Ennakhil, Marrakech 40100, Maroc",31.6583957,-8.026540599999999,https://domotique.clostrav.com/,612913993.0,,0,"['establishment', 'electrician', 'service', 'point_of_interest', 'manufacturer']",entreprise IT Marrakech,Entreprise établie,IA / Data,True,False,5.069414286855155
ChIJwWQgn3bvrw0Rd4BO-FsEmhU,Artificial.ma - Agence Intelligence Artificielle,"Marrakech 40000, Maroc",31.633838,-7.9852459,,643730158.0,,0,"['point_of_interest', 'service', 'establishment']",intelligence artificielle Marrakech; artificial intelligence company Marrakech,Entreprise établie,IA / Data,False,False,0.9654017068191776
ChIJt-PmLjLvrw0R4ZPzAgkfKXU,212 Locker,"15 Rue Loubnane, Marrakesh 40000, Maroc",31.6365881,-8.010209999999999,https://212locker.com/,753207449.0,5.0,307,"['storage', 'point_of_interest', 'service', 'establishment']",jeune entreprise innovante Marrakech,Startup,Autre tech,True,True,2.33097371488678
ChIJCb8hWNbprw0Rxn5QqZCyPBM,"DestockAfric - Matériel Informatique, PC & Imprimantes Marrakech","Operation baht, magasin n1, Marrakech 40140, Maroc",31.6312822,-8.0585272,http://www.destockafric.com/,702059596.0,4.8,298,"['establishment', 'wholesaler', 'service', 'store', 'electronics_store', 'point_of_interest', 'supplier']",startup technologique Marrakech,Startup,Autre tech,True,True,6.601481147428998
ChIJDUe7X6vtrw0RPka8Y8kQjBk,OG Communication - Agence de communication Marrakech - Agence de Marketing Digital - Création site internet à Marrakech,"N°6, 2 EME ETAGE, IMMEUBLE 45 LOTISSEMENT, Marrakech 40100, Maroc",31.6698628,-8.0280737,https://www.ogcommunication.ma/,661422653.0,5.0,159,"['point_of_interest', 'service', 'establishment']",digital agency Marrakech; jeune entreprise innovante Marrakech,Startup,Autre tech,True,True,6.133186592622899
ChIJMaUCTO3urw0RHGDwUV6wF14,Conseil Et Business Marrakech S.A.R.L.,"Massira 1C N 32 app n1, 4-Tensift-Al Haouz, 40000، Marrakech 40000, Maroc",31.6383231,-8.060979699999999,http://www.conseilmarrakech.com/,524498282.0,4.8,110,"['establishment', 'service', 'accounting', 'finance', 'consultant', 'point_of_interest']",technology consulting Marrakech; jeune entreprise innovante Marrakech,Startup,Fintech,True,True,6.94622583154734
ChIJ5f2YkYHurw0RulY6j2k_VFs,MONARK IT,"Bureau 18، 5ème étage، Centre d’affaires Bergis، 3 Avenue SAFI، Marrakech 40090, Maroc",31.6465236,-8.0112468,https://www.monarkit.net/,666778023.0,4.9,104,"['point_of_interest', 'service', 'establishment']",software development company Marrakech; IT services company Marrakech; technology consulting Marrakech; entreprise IT Marrakech; jeune entreprise innovante Marrakech,Startup,Autre tech,True,True,3.115452739713366
ChIJv49ahq_trw0RF0ufXcJQRBI,Atar Experience S.A.R.L.,"Rte de Safi, Marrakech, Maroc",31.666978,-8.0361504,http://www.atarexperience.com/,610467890.0,4.8,95,"['establishment', 'service', 'tour_agency', 'point_of_interest', 'travel_agency']",startup Marrakech,Startup,Autre tech,True,True,6.387623479384137
ChIJoeNonOG_2IIRHVHVzQ_5Gno,AGENCE WEB MARRAKECH | VSF AGENCY,"98 Rue Ibn Qodama, Marrakech 40000, Maroc",31.6429119,-8.014681699999999,https://vsfagency.tech/,615151206.0,4.9,89,"['point_of_interest', 'service', 'establishment']",jeune entreprise innovante Marrakech,Startup,Autre tech,True,True,3.079940572061829
ChIJU7l3G5Lurw0RlDUhOoVOed8,Atelier Moka - Architecte Marrakech,"134 Rue Mohammed el Beqal, Marrakech 40000, Maroc",31.6326844,-8.0146094,https://www.ateliermoka.ma/,524201322.0,4.4,75,"['point_of_interest', 'service', 'establishment']",jeune entreprise innovante Marrakech,Startup,Autre tech,True,True,2.533592551474587
ChIJmxAWBcnvrw0RtwiPJ-zx_38,Mr Mine Déco-Agence D’architecture D'intérieure,"Appartement A-19, Immeuble Heliet Rue Mohammed el Beqal, Marrakech 40000, Maroc",31.6348426,-8.015285,https://mrminedeco.com/,626294287.0,4.9,73,"['general_contractor', 'point_of_interest', 'service', 'establishment']",jeune entreprise innovante Marrakech,Startup,Autre tech,True,True,2.675260285221685
ChIJp8aRc03vrw0Rec8SrQ9GSX8,OKARCHITECTE,"IMMEUBLE Au Chic de Paris N°144, 3 ème étage, 10 Av. Mohammed V, Marrakech 40000, Maroc",31.6355155,-8.0132751,http://okarchitecte.com/,661455957.0,4.8,51,"['point_of_interest', 'service', 'establishment']",jeune entreprise innovante Marrakech,Startup,Autre tech,True,True,2.530958417226866
ChIJM06v9Mzvrw0R2akQyT3BNDs,Digital Innovation - Agence de communication à Marrakech,"Avenue Yacoub El Mansour, Résidence Amira 3, 2ème Étage, Marrakech 40000, Maroc",31.6381514,-8.009894100000002,https://digitalinnovation.ma/,646718310.0,5.0,37,"['establishment', 'service', 'art_studio', 'consultant', 'marketing_consultant', 'point_of_interest']",digital agency Marrakech; jeune entreprise innovante Marrakech,Startup,Autre tech,True,True,2.400413457226109
ChIJActGesjtrw0RZobQHWeo7QI,IBDAA,"Villa n° 38, Lot Koutoubia, Quartier, Marrakech 40080, Maroc",31.66189559999999,-8.0036437,http://www.ibdaa.africa/,662844118.0,5.0,23,"['service', 'point_of_interest', 'health', 'establishment']",startup Marrakech,Startup,Autre tech,True,True,4.243207757517037
ChIJM1G2urDvrw0R6zhND39g-l8,MTECH Meeting & Coworking Space,"M avenue, Building M Tech, Marrakesh 40000, Maroc",31.6223086,-8.0168202,http://www.mtechmarrakech.com/,655444592.0,4.6,19,"['coworking_space', 'point_of_interest', 'establishment']",startup technologique Marrakech,Startup,Autre tech,True,True,2.653195524908023
ChIJcVntD4Tvrw0RSzTqZOUCr8Y,Green Watech,"Appt 2, Résidence Salma, Av allal el fassi, Marrakech 40000, Maroc",31.6731555,-8.018932999999999,https://greenwatech.com/,525323739.0,5.0,13,"['point_of_interest', 'establishment']",startup Marrakech,Startup,Autre tech,True,True,5.975114210933137
ChIJXVQGY0ftrw0RhBoOVx8ZDaU,Business Center Mly Smain,"525, Marrakesh 40000, Maroc",31.6639754,-8.0401657,http://www.businesscentermlysmain.com/,662431546.0,5.0,10,"['service', 'point_of_interest', 'business_center', 'establishment']",startup Marrakech,Startup,Autre tech,True,True,6.433246416659651
ChIJteJM7yHvrw0RhzlG41Cg8YY,Secret studio production,"Mhamid Hamza 2 n89 bis, Marrakech 40000, Maroc",31.58579559999999,-8.045237199999999,https://secretstudioprod.com/,669033011.0,5.0,10,"['point_of_interest', 'service', 'establishment']",jeune entreprise innovante Marrakech,Startup,Autre tech,True,True,6.931827996049314
ChIJTwsakPLtrw0RNUr1fUebr28,WEBPICK,"61, Quartier Industriel Sidi Ghanem WEBPICK, Emerging Business Factory, Marrakech 40000, Maroc",31.6760772,-8.0472564,http://www.webpick.info/,663290006.0,5.0,9,"['consultant', 'point_of_interest', 'service', 'establishment']",technology consulting Marrakech; startup Marrakech,Startup,Autre tech,True,True,7.845876747247853
ChIJn9WcW5zurw0RUdgpJF0rQGE,Quicktech,"Immeuble A1 3eme Étage Appartement 28 Residence Maniss، Boulevard Abdelkrim Al Khattabi، Marrakech 40000, Maroc",31.6405129,-8.0187442,,524432229.0,4.3,6,"['point_of_interest', 'service', 'establishment']",startup Marrakech,Startup,Autre tech,False,True,3.248558268011932
ChIJWbta8Ojvrw0RKWcWW7HbUck,INFOUNDER | Agence d'innovation digitale avec l’ADN d’une startup,"Ain Mezwar Saada Lot Menara App N8، Marrakech 40000, Maroc",31.6337845,-7.9852561,,525074037.0,4.7,3,"['point_of_interest', 'service', 'establishment']",startup Marrakech,Startup,Autre tech,False,True,0.9595300739904998
ChIJ3do-xEvrrw0RGaBGEeL-o9Q,Greativa Consulting Group,"A9, Burj Malak, Rte de Safi, Marrakech 40000, Maroc",31.6643886,-8.0328927,https://www.greativa.ma/,524335841.0,5.0,124,"['establishment', 'service', 'consultant', 'marketing_consultant', 'point_of_interest']",technology consulting Marrakech,Entreprise établie,Autre tech,True,True,5.966288116957259
ChIJ4yMWjVzprw0R6VAb7S98DXA,Géant Computer | Matériel Informatique Marrakech | Vente & Réparation,"Av. Assafa, Marrakech 40000, Maroc",31.6310012,-8.053794,https://geantcomputer.com/,524395743.0,4.3,115,"['electronics_store', 'point_of_interest', 'store', 'establishment']",entreprise IT Marrakech,Entreprise établie,Autre tech,True,True,6.152395245140274
ChIJrRwx6jTprw0RvfmyK0FuV4s,Agence de communication Marrakech - Agence de Marketing Digital - Création site internet à Marrakech- Hello World Agency,"I mmeuble Essalam، Marrakech 40150, Maroc",31.6370945,-8.0003665,https://www.helloworld-agency.com/,524423156.0,4.9,97,"['establishment', 'service', 'consultant', 'marketing_consultant', 'point_of_interest']",digital agency Marrakech,Entreprise établie,Autre tech,True,True,1.647736188981355
ChIJxbsRAmrurw0RbPQV0DaKIt0,Competence Technologie : Vente Matériels Et Accessoires Informatiques,"104 Rue, Marrakech 40000, Maroc",31.6294186,-7.986421099999999,http://competence-technologie.com/,662494297.0,5.0,76,"['service', 'point_of_interest', 'store', 'establishment']",technology consulting Marrakech; entreprise IT Marrakech,Entreprise établie,Autre tech,True,True,0.4756400337216178
ChIJQ1Ur1V_vrw0RNRRBME4A79I,infoclic.ma informatique et réparation ordinateur et mac,"Bureau N 3, N 785 Rte de Safi, Marrakech 40000, Maroc",31.6704277,-8.034809599999999,https://infoclic.ma/,638807754.0,4.7,62,"['establishment', 'service', 'store', 'electronics_store', 'point_of_interest']",entreprise IT Marrakech,Entreprise établie,Autre tech,True,True,6.583803527519018
ChIJtVGeHxzvrw0Ra4cgs8T7X4g,Goldinious Digital Agency,"Place Jemaa el fna, Marrakech 40000, Maroc",31.6259602,-7.989090099999999,https://digital.goldinious.com/,660334341.0,4.8,47,"['point_of_interest', 'service', 'establishment']",digital agency Marrakech,Entreprise établie,Autre tech,True,True,0.01783807185049029
ChIJGy-s2SDvrw0RdcTqr6-P9JA,Z CONSULTING MARKETING - Agence de communication et branding à Marrakech - Marketing digital Maroc,"3ème étage-Bureau n°27 Centre d'affaires Kairaouane, bd Abdelkarim Al Khattabi, Rte de Casablanca, Marrakech 40000, Maroc",31.6681671,-8.0098567,https://zconsulting.ma/,661832182.0,5.0,43,"['establishment', 'service', 'consultant', 'marketing_consultant', 'point_of_interest']",digital agency Marrakech,Entreprise établie,Autre tech,True,True,5.10432450285415
ChIJDxqql4jtrw0RSdXBd8mfcmc,𝐀𝐠𝐞𝐧𝐜𝐞 𝐝𝐞 𝐜𝐨𝐦𝐦𝐮𝐧𝐢𝐜𝐚𝐭𝐢𝐨𝐧 𝐌𝐚𝐫𝐫𝐚𝐤𝐞𝐜𝐡 | 𝐜𝐫𝐞𝐚𝐭𝐢𝐨𝐧 𝐬𝐢𝐭𝐞 𝐰𝐞𝐛 𝐌𝐚𝐫𝐫𝐚𝐤𝐞𝐜𝐡 | 𝐌𝐚𝐫𝐤𝐞𝐭𝐢𝐧𝐠 𝐝𝐢𝐠𝐢𝐭𝐚𝐥 | 𝐋𝐀𝟑𝟔𝟎 𝐜𝐨𝐦𝐦𝐮𝐧𝐢𝐜𝐚𝐭𝐢𝐨𝐧,"2 éme étage, N°24, Centre d'affaires, 131 Bd Allal Al Fassi, Marrakesh 40000, Maroc",31.6650051,-8.0099014,http://www.la360.ma/,661456631.0,5.0,40,"['establishment', 'service', 'educational_institution', 'consultant', 'marketing_consultant', 'point_of_interest']",digital agency Marrakech,Entreprise établie,Autre tech,True,True,4.78348858601322
ChIJEVA8Ib3vrw0RpXzPjBKHKgo,Potentiel Consulting,"Bab Doukala, Immeuble Aswak Assalam, 1 ier étage، numéro 14، Marrakech 44000, Maroc",31.6370895,-8.0005084,https://potentielconsulting.ma/,524423114.0,5.0,36,"['consultant', 'point_of_interest', 'service', 'establishment']",technology consulting Marrakech,Entreprise établie,Autre tech,True,True,1.656043200212991
ChIJgbZ1uobprw0RCHUWJbVQ6qU,Thedigitech,"Marrakech 40150, Maroc",31.6139661,-8.0565663,https://rouly.org/,,4.9,35,"['point_of_interest', 'service', 'establishment']",technology consulting Marrakech,Entreprise établie,Autre tech,True,True,6.522330589650282
ChIJM6HCJLLurw0RNXtfCsM5iQM,"IT Labs Pro, Agence web au Maroc","74, Imm Elizabeth, N°15 Av. Hassan II, Marrakech 40000, Maroc",31.633213,-8.0042049,https://www.itlabspro.com/,524447844.0,5.0,31,"['point_of_interest', 'service', 'establishment']",software development company Marrakech; IT services company Marrakech; entreprise IT Marrakech,Entreprise établie,Autre tech,True,True,1.650644869381378
ChIJCabNvh_qrw0Rp-8WXdKrwdI,M5 TECH - Web Design & Development Agency,"IMM 61 APPT 21، DAR SALAM، GH 20، مراكش 40170, Maroc",31.6356294,-8.0984979,https://www.m5tech.ma/,645350405.0,5.0,26,"['point_of_interest', 'service', 'establishment']",software development company Marrakech,Entreprise établie,Autre tech,True,True,10.41491554556427
ChIJ2yUPR27vrw0R7s__3MpcoIc,ICF Communication : Agence Marketing Digital - Référencement SEO - Marrakech,"1 ère étage, bureau N 4, 11 Rue Al azhari, Marrakech 40000, Maroc",31.6414977,-8.009303599999999,http://www.icf.ma/,777789466.0,4.9,25,"['point_of_interest', 'service', 'establishment']",digital agency Marrakech,Entreprise établie,Autre tech,True,True,2.589474875694532
ChIJ226_j13vrw0R3-xBqohhtFg,Seqencys: Solutions de business développement et Cyber Sécurité,"3ème etage Gowork, Imm Ghandouri, 61 rue yougoslavie, Marrakech 40000, Maroc",31.6344927,-8.0141039,https://www.seqencys.com/,777122661.0,4.9,23,"['point_of_interest', 'service', 'establishment']",software development company Marrakech,Entreprise établie,Autre tech,True,True,2.557024084811283
ChIJxxYxGXrvrw0RnG41qOKlCOQ,Boostads Agency / Agence de Marketing Digital,"Rue library, Marrakech 40000, Maroc",31.6360083,-8.0110577,https://boostadsagency.com/,784073787.0,5.0,23,"['point_of_interest', 'service', 'establishment']",digital agency Marrakech,Entreprise établie,Autre tech,True,True,2.368584208658085
ChIJzY7Xn4rurw0RWVJlDPsZUXU,Eureka Digital Marrakech- Agence de communication Marrakech,"Adresse : Imm Ahlam Porte A , N° 14, 3ème étage،, Av. Yacoub El Mansour, Marrakech 40020, Maroc",31.6377726,-8.0103086,https://www.eureka-digital.ma/,661591479.0,4.9,23,"['point_of_interest', 'service', 'establishment']",digital agency Marrakech,Entreprise établie,Autre tech,True,True,2.409176406801233
ChIJZVxrk4nurw0RxsKmZTkyohk,ETCEINFO Marrakech,"Rue Thami, Résidence Cordoba, Marrakech 40000, Maroc",31.634739,-8.004444,http://www.etceinfo.ma/,524449449.0,4.0,22,"['electronics_store', 'point_of_interest', 'store', 'establishment']",entreprise IT Marrakech,Entreprise établie,Autre tech,True,True,1.760222239455862
ChIJydvjU0fsrw0RPMtJugZKChU,VEGASYS,"N°5, résidence Ikram N° 188 Lotissement Yasmine 1 Marrakech، Marrakech 40000, Maroc",31.6727907,-8.0189375,,661692148.0,5.0,21,"['point_of_interest', 'service', 'establishment']",software development company Marrakech,Entreprise établie,Autre tech,False,True,5.939602549994929
ChIJ8zWbPqXvrw0RLTr03mcHzCo,Marrakech Digital Academy,"Malizia business center, Marrakesh 40000, Maroc",31.6650248,-8.009894599999999,,783509121.0,5.0,20,"['point_of_interest', 'service', 'establishment']",digital agency Marrakech,Entreprise établie,Autre tech,False,True,4.785220095089159
ChIJeR0--hbtrw0RR9z7goebWqM,Marrakech IT Services,"Marrakech 40000, Maroc",31.6295411,-8.0035577,https://marrakech-informatique-services.e-monsite.com/pages/accueil.html,727218474.0,4.6,19,"['point_of_interest', 'service', 'establishment']",IT services company Marrakech; entreprise IT Marrakech,Entreprise établie,Autre tech,True,True,1.430662665646171
ChIJHxIyPM6D0yQRYamG4nWMuag,212 Services | Services Informatique,"N° 2 ETAGE 2 BLOC 21, Marrakech 40000, Maroc",31.63139719999999,-8.0406552,https://212-services.com/,670707983.0,5.0,18,"['consultant', 'point_of_interest', 'service', 'establishment']",IT services company Marrakech,Entreprise établie,Autre tech,True,True,4.920693845372778
ChIJRV29jPHvrw0RPh3PGZdet0o,Digital Destination,"HOUMANE ELFETOUAKI LOT I 13, APPT N°6, 5 MHAMID, Marrakesh 40160, Maroc",31.5979039,-8.0382905,,524206354.0,5.0,17,"['point_of_interest', 'service', 'establishment']",software development company Marrakech,Entreprise établie,Autre tech,False,True,5.596423656979214
ChIJAZ8d0KHvrw0RLgsnWL59mKU,Tellegra : Marketing Digital Agency,"APP 14 ETG 3, a cote de victor hugo, Residence khaled, avenue Targa, Marrakech, Maroc",31.6412148,-8.0278891,http://www.tellegra.ma/,621418051.0,4.9,17,"['point_of_interest', 'service', 'establishment']",digital agency Marrakech,Entreprise établie,Autre tech,True,True,4.052626337333719
ChIJ26z9Vs3rrw0R6Rdi4mEgNDM,Novaconnect - Agence Marketing Digital Marrakech ( Agence de Communication),"Jnane tissire, Marrakech 40000, Maroc",31.6817788,-8.056807,https://novaconnect-sarl.com/,660681767.0,5.0,16,"['point_of_interest', 'service', 'establishment']",digital agency Marrakech,Entreprise établie,Autre tech,True,True,8.933988895109051
ChIJP_PLbzLvrw0R22Gw_xt4krA,Agence Web Premium,"cinéma colisé, Marrakech 40000, Maroc",31.6338573,-8.010373099999999,https://agencewebpremium.com/,642844148.0,5.0,15,"['point_of_interest', 'service', 'establishment']",software development company Marrakech,Entreprise établie,Autre tech,True,True,2.204362691521072
ChIJZ3KXiMDurw0RZnGrmJjMito,Société Informatique a Marrakech (REPARATEL),"Résidence Ferdaous، شارع مولاي رشيد، مراكش 40000, Maroc",31.6333947,-8.016514899999999,http://www.reparatel.ma/,610301632.0,3.9,14,"['establishment', 'service', 'store', 'electronics_store', 'consultant', 'point_of_interest']",IT services company Marrakech; entreprise IT Marrakech,Entreprise établie,Autre tech,True,True,2.729503068370444
ChIJSXB0Ubbrrw0RYAy3hwHiXMs,Informaticien A Marrakech (Global Tech service informatique),"azzouzia tranche 3 zone villa n 2641, Marrakech 40000, Maroc",31.6913404,-8.064935,,654766969.0,4.7,13,"['consultant', 'point_of_interest', 'service', 'establishment']",IT services company Marrakech,Entreprise établie,Autre tech,False,True,10.22887737567098
ChIJ-RhVyGjvrw0RK4YFPyztLOc,Digital Speak Group - Agence de Marketing Digital,"5ème étage, Espace Al Abrar, N 31 Av. Yacoub El Mansour, Marrakech 40000, Maroc",31.6406737,-7.9992171,https://digitalspeak.group/,661876712.0,5.0,13,"['establishment', 'service', 'consultant', 'marketing_consultant', 'point_of_interest']",digital agency Marrakech,Entreprise établie,Autre tech,True,True,1.911216443483845
ChIJL2RM8E7prw0R_UEj-8jLxyk,ARJ Informatique,"Marrakech 40140, Maroc",31.6327795,-8.0538859,,678444471.0,4.8,13,"['point_of_interest', 'service', 'establishment']",entreprise IT Marrakech,Entreprise établie,Autre tech,False,True,6.182696498376862
ChIJF4HaDrzvrw0RC4T4GwK4DHo,YanCommerce,"416 LOT, ETAGE 2, APPT 2, Marrakech 40000, Maroc",31.6748877,-8.0374512,https://yancommerce.com/,627378739.0,5.0,12,"['point_of_interest', 'service', 'establishment']",software development company Marrakech,Entreprise établie,Autre tech,True,True,7.12318415943022
ChIJo3wayEzvrw0R9_sKalgPmX8,ALTER WEB,"Bureau 23, Centre d'affaire ISLAM, 29 Bd Allal Al Fassi, Marrakech 40000, Maroc",31.6418942,-7.999690799999999,https://alterweb.ma/,524302526.0,5.0,12,"['point_of_interest', 'service', 'establishment']",software development company Marrakech; technology consulting Marrakech,Entreprise établie,Autre tech,True,True,2.051336903842461
ChIJpfSl8gbvrw0RG73GoA4V7qo,Digital Vision Communication - Agence de Communication Marrakech - Maroc,"1ère étage Bureau N 3, Immeuble 554 Boulevard Allal fassi, Marrakech 40000, Maroc",31.6731185,-8.0182289,http://digitalvision.ma/,808599999.0,5.0,12,"['point_of_interest', 'service', 'establishment']",digital agency Marrakech,Entreprise établie,Autre tech,True,True,5.940261420409246
ChIJiZYVGH3urw0RfAuQvA84Z-s,Seiton consulting,"1er étage N°11، Le noyer B، Rue Ibn Sina, مراكش 40000, Maroc",31.6388827,-8.0101648,https://www.seiton.ma/,677446663.0,5.0,11,"['establishment', 'service', 'educational_institution', 'consultant', 'point_of_interest']",technology consulting Marrakech,Entreprise établie,Autre tech,True,True,2.46850059068442
ChIJIaDvcj94MC8RCui4tiCTHQQ,IT MARRAKECH | Agence de Développement Web et Mobile à Marrakech,"Central Library, JXXM+JRM Faculty of Sciences, Bd Prince Moulay Abdellah, Marrakesh 40000, Maroc",31.6491715,-8.011516799999999,https://www.itmarrakech.com/,610205563.0,5.0,10,"['point_of_interest', 'service', 'establishment']",software development company Marrakech; IT services company Marrakech; entreprise IT Marrakech,Entreprise établie,Autre tech,True,True,3.355205904363437
ChIJmUONN-_vrw0RDj2E02aocmk,Smart Influencer : Agence Marketing digital Marrakech,"Centre d'affaires Al Abraj, 07 Bd 11 Janvier, Marrakech 40000, Maroc",31.6394225,-7.9982079,https://smartinfluencer.ma/,668513685.0,5.0,10,"['point_of_interest', 'service', 'establishment']",digital agency Marrakech; entreprise IT Marrakech,Entreprise établie,Autre tech,True,True,1.742989904056479
ChIJV5mXQqbprw0Rb9bUZjP3cqI,ZG Technology,"Magasin RDC lotissement errahan N10-13 M'hamid, Marrakech 40160, Maroc",31.5839099,-8.048458799999999,https://zgtechnology.ma/,604826759.0,5.0,10,"['establishment', 'service', 'point_of_interest', 'manufacturer', 'supplier']",technology consulting Marrakech,Entreprise établie,Autre tech,True,True,7.300498092453984
ChIJx46CwBrsrw0R05Y5Wb8Sp9Y,"Swedgi,Societé de WEb , Developpement et Gestion Informatique","Mabrouka, Marrakech, Marrakech-Tensift-El Haouz, Morocco Bp 2459, Marrakech Principal, Marrakech 40000, Maroc",31.658696,-8.034449,https://swedgi.com/,661181418.0,4.0,9,"['point_of_interest', 'service', 'establishment']",software development company Marrakech; entreprise IT Marrakech,Entreprise établie,Autre tech,True,True,5.639984442659978
ChIJK46RFjjtrw0RcfK0v7H4Prw,ItriSol Consulting,"Aabir 2, Marrakech 40000, Maroc",31.6540704,-8.028361700000001,https://www.itrisol.com/,708767406.0,5.0,8,"['point_of_interest', 'service', 'establishment']",software development company Marrakech; IT services company Marrakech,Entreprise établie,Autre tech,True,True,4.867882573543468
ChIJxyUSTiTvrw0RfRYjzJmbrZ0,Marocplex,"N°61, Marrakech 40000, Maroc",31.6759471,-8.047191,https://www.marocplex.com/,661975307.0,4.6,8,"['point_of_interest', 'service', 'establishment']",technology consulting Marrakech,Entreprise établie,Autre tech,True,True,7.831230105347933
ChIJZS8h8K_trw0RGTcAbUNp0_I,Pluriel Informatique Et Communication,"113 Bd Abdelkrim Al Khattabi, Marrakech 40010, Maroc",31.6366027,-8.017909999999999,http://www.pluriel.net/,524424165.0,4.5,8,"['point_of_interest', 'service', 'establishment']",entreprise IT Marrakech,Entreprise établie,Autre tech,True,True,2.980398713220826
ChIJDQcofv7vrw0ROtrvgPQHcNs,Atlas Web Solutions,"13 Rue Mouslim, Residance Boukar 5 ème etage, apt 28, Marrakesh 40000, Maroc",31.6401169,-7.998920399999999,https://atlasweb.solutions/,601750847.0,4.1,7,"['point_of_interest', 'service', 'establishment']",software development company Marrakech,Entreprise établie,Autre tech,True,True,1.84357564935025
ChIJHVrDwwnvrw0RPA0TOM_pOtw,Datazad,"Appt 15 Imm 12, Lot Sine Av Allal el Fassi, Marrakech 40000, Maroc",31.6440688,-8.000199199999999,https://datazad.com/,665309073.0,4.8,6,"['point_of_interest', 'service', 'establishment']",software development company Marrakech,Entreprise établie,Autre tech,True,True,2.28707830844925
ChIJJ_3yCEDvrw0RTGzHLGk-2gg,Empire Consulting Group,"Marrakech 40000, Maroc",31.6407766,-7.9980707,https://empireconsultinggroup.ma/,666267709.0,5.0,6,"['government_office', 'point_of_interest', 'establishment']",technology consulting Marrakech,Entreprise établie,Autre tech,True,True,1.86938273353987
ChIJ44cPj2Prrw0R-XeruancD8U,"UP DIGITAL: Agence de Marketing Digital & Référencement SEO, SEA à Marrakech","LOT N° E/44, 1ER ETAGE BUREAU N°3, AL KARAM, Marrakech 40000, Maroc",31.6837946,-8.0606442,https://www.updigital-marketing.com/,712182116.0,5.0,5,"['point_of_interest', 'service', 'establishment']",digital agency Marrakech,Entreprise établie,Autre tech,True,True,9.351098093316411
ChIJw2EUuZLvrw0RqAQHVYhsdIM,E-facturation,"P N°4, Centre d´Affaires Al Abraj, Immeuble C Bd 11 Janvier, Marrakech 40000, Maroc",31.639323,-7.998373200000001,https://efacturation.ma/,670706370.0,5.0,4,"['establishment', 'service', 'health', 'consultant', 'point_of_interest']",software development company Marrakech,Entreprise établie,Autre tech,True,True,1.741221657545208
ChIJgcqgqmrurw0R2JL-FZUIVNo,Formatage et Réparation des Ordinateurs-Marrakech et installation de Caméra,"Issebtienne, n 66, Derb Jdid, Marrakech 40030, Maroc",31.6295797,-7.980625,http://fb.com/XPERT.PC.INFO,677828274.0,4.3,3,"['establishment', 'service', 'home_goods_store', 'store', 'electronics_store', 'consultant', 'point_of_interest']",entreprise IT Marrakech,Entreprise établie,Autre tech,True,True,0.9058137897536618
ChIJr7iZVz_vrw0R3G1azz7ymqQ,MOAJ - agence web Marrakech,"Résidence Yacoub El Mansour entrée A, 1er étage, Bureau 2, 43 Av. Yacoub El Mansour, Marrakesh 40000, Maroc",31.6384021,-8.0062841,,700605190.0,5.0,2,"['point_of_interest', 'service', 'establishment']",software development company Marrakech,Entreprise établie,Autre tech,False,True,2.147192203818807
ChIJB7gXovjtrw0R-Pt6zkf4faE,AM SOFT informatique,"Centre d'affaires kairaouane, Rte de Casablanca, Marrakech 40000, Maroc",31.6685029,-8.0099501,https://amsoft.ma/,524458845.0,5.0,2,"['point_of_interest', 'service', 'establishment']",IT services company Marrakech; entreprise IT Marrakech,Entreprise établie,Autre tech,True,True,5.142192227127473
ChIJXy4X5yPvrw0Rdt_An4yngkU,Alidantek,"Marrakech 40000, Maroc",31.633838,-7.985246000000001,https://www.alidantek.ca/,5147881458.0,4.5,2,"['point_of_interest', 'service', 'establishment']",technology consulting Marrakech,Entreprise établie,Autre tech,True,True,0.9653981283067183
ChIJtydj6Wnvrw0RaKR6_7T3DOA,devliberty | Agence de Développement Web et Mobile à Marrakech,"Marrakech 40000, Maroc",31.6484344,-7.994763099999999,https://devliberty.net/,771343140.0,5.0,1,"['point_of_interest', 'service', 'establishment']",software development company Marrakech,Entreprise établie,Autre tech,True,True,2.573298647212438
ChIJ01RwRZDurw0RQIykjBJsT-A,ROSARI IT,"JXPM+JP8, Av. Mohammed V, Marrakech 40000, Maroc",31.6365268,-8.0156616,,,5.0,1,"['point_of_interest', 'service', 'establishment']",IT services company Marrakech,Entreprise établie,Autre tech,False,True,2.783278458457772
ChIJlzda0pfvrw0RNE835NQHOlo,JTR INNOVATION SARL,"Lot Ratma. Av. Allal El Fassi. Imm. 89, 1er étage Appt 4, Marrakech 40000, Maroc",31.6475058,-8.0002522,https://www.gestionchr.com/,808585128.0,5.0,1,"['point_of_interest', 'service', 'establishment']",technology consulting Marrakech,Entreprise établie,Autre tech,True,True,2.634392193358416
ChIJS_aqFozurw0Rvn1ciSVDPEI,"MEGACOMSYS : Agence digitale Marrakech, Agence web Marrakech, Agence web offshore Maroc,","31 Bis Boulevard Mohamed Zerktouni, Passage ElGhandouri Entree A, Appt 11، Marrakech 40000, Maroc",31.6354999,-8.0150399,,661654664.0,5.0,1,"['consultant', 'point_of_interest', 'service', 'establishment']",entreprise IT Marrakech,Entreprise établie,Autre tech,False,True,2.682308290009184
ChIJT3mbxyXvrw0R8-IhCHyZkoc,Oumlid-Tech,"Rue Aït Al Arif, Marrakech 40050, Maroc",31.6047636,-7.965526199999999,,664205836.0,,0,"['point_of_interest', 'establishment']",technology consulting Marrakech,Entreprise établie,Autre tech,False,False,3.233348027623598
ChIJOXVJPCTvrw0R7AqL8NwViE4,"Market Your Enterprise - Agence de Marketing Digital - Agence de communication - SEO - Agence de publicité - Marrakech, Maroc","BD My Hassan 1er Immeuble Sibam, Bloc A Etage 3 N° 10, Marrakesh 40000, Maroc",31.6295079,-8.0033575,https://www.marketyourenterprise.com/,525134193.0,5.0,39,"['establishment', 'service', 'finance', 'consultant', 'marketing_consultant', 'point_of_interest']",digital agency Marrakech,Entreprise établie,Fintech,True,True,1.4114549867023
ChIJJUuwHe3rrw0REDpmjTxm100,SMT Consulting,"2éme étage, Imm 59, N°4 Rue Sidi Ghanem، Marrakech 40000, Maroc",31.6760633,-8.0481876,https://smtc.ma/,662087740.0,5.0,9,"['establishment', 'service', 'accounting', 'finance', 'consultant', 'point_of_interest']",technology consulting Marrakech,Entreprise établie,Fintech,True,True,7.906877362336634
