titre_offre,entreprise,lieu,lien,source,date_collecte,niveau_demande,competences_demandees,pertinence,priorite,statut,date_candidature,date_relance,reponse,remarque
Project manager intern,,Marrakech,https://ma.trabajo.org/offre-4076-a3f9eae43bb0c3b3725184416e38bfdd,Trabajo.org,2026-09-26,,,,,À examiner,,,,
Resort Representative,,Marrakech (Morocco),https://ma.trabajo.org/offre-4076-3b9fca86f7981aac3fb30533dd307851,Trabajo.org,2026-09-26,,,,,À examiner,,,,
JUNIOR DIGITAL BUSINESS DEVELOPER,,"Marrakech, 7",https://ma.trabajo.org/offre-5056-23f8b3a518b41dabd7e1560d54cfe61e,Trabajo.org,2026-09-26,,,,,À examiner,,,,
"Analyst/ Senior Analyst, Pricing Optimization",,"Marrakesh, Marrakech-Safi",https://ma.trabajo.org/offre-4112-145859d01c2186209adfad283795ba71,Trabajo.org,2026-09-26,,,,,À examiner,,,,
"Analyst/ Senior Analyst, Pricing Marketing",,"Marrakesh, Marrakech-Safi",https://ma.trabajo.org/offre-4112-548ca210d1d35f484286a95859597b20,Trabajo.org,2026-09-26,,,,,À examiner,,,,
"Analyst, Flights Marketing",,"Marrakesh, Marrakech-Safi",https://ma.trabajo.org/offre-4112-f10e7cc920330c5dcf91a4e808a884b5,Trabajo.org,2026-09-26,,,,,À examiner,,,,
"Analyst, Marketing Analytics and Strategy",,"Marrakesh, Marrakech-Safi",https://ma.trabajo.org/offre-4112-1cbd6e494f896fd4b2a53f7712a2ef4b,Trabajo.org,2026-09-26,,,,,À examiner,,,,
"Senior Analyst, GenAI Marketing",,"Marrakesh, Marrakech-Safi",https://ma.trabajo.org/offre-4112-72281b377e50b67ab89d7fe303546a1a,Trabajo.org,2026-09-26,,,,,À examiner,,,,
"Analyst, Pricing",,"Marrakesh, Marrakech-Safi",https://ma.trabajo.org/offre-4112-34091b28169861b9e6c8ff96eb7a6aa7,Trabajo.org,2026-09-26,,,,,À examiner,,,,
"Senior Business Analyst, New verticals",,"Marrakesh, Marrakech-Safi",https://ma.trabajo.org/offre-4112-11bce207779a6b5c46518aa0192eb291,Trabajo.org,2026-09-26,,,,,À examiner,,,,
Senior Engineering Manager,,"Marrakesh, Marrakech-Safi",https://ma.trabajo.org/offre-4112-d5841c43e4f6929e359e0cb50c76bae2,Trabajo.org,2026-09-26,,,,,À examiner,,,,
Area Sales Manager,,"Marrakesh, Marrakech-Safi",https://ma.trabajo.org/offre-4112-8fa0bdb06780d2efe957a691eb8544e0,Trabajo.org,2026-09-26,,,,,À examiner,,,,
Finance & Admin Intern-Marrakech,,Marrakech (Morocco),https://ma.trabajo.org/offre-4076-c21a13b6db36738d90c79dacad7b9bc4,Trabajo.org,2026-09-26,,,,,À examiner,,,,
Responsable Administratif et Financier,,"Marrakech, Marrakech-Safi",https://ma.trabajo.org/offre-4076-77ec074165ed065e43643ce452cfa8cd,Trabajo.org,2026-09-26,,,,,À examiner,,,,
Comptable,,"Marrakech, Marrakech-Safi",https://ma.trabajo.org/offre-4076-de64f403a1244db00f258d095be0d8a7,Trabajo.org,2026-09-26,,,,,À examiner,,,,
Directeur administratif et financier,,"Marrakech, Marrakech-Safi",https://ma.trabajo.org/offre-4076-d5de43df947a9c01c888b89378886b03,Trabajo.org,2026-09-26,,,,,À examiner,,,,
Comptable / Assistant Administratif,,"Marrakech, Marrakech-Tensift-Al Haouz",https://ma.trabajo.org/offre-4076-574db13889ab7d247c0ee7d30bb3f02f,Trabajo.org,2026-09-26,,,,,À examiner,,,,
Chef des ventes sénior,,"Préfecture de Marrakech, Marrakech-Safi",https://ma.trabajo.org/offre-4076-eb67e86745ed607003e2f74b153a2ecd,Trabajo.org,2026-09-26,,,,,À examiner,,,,
Gestionnaire Administrative Achats,,Royal Mansour Marrakech,https://ma.trabajo.org/offre-4076-a16b42fdcad1f6f8b7cc51a540f52287,Trabajo.org,2026-09-26,,,,,À examiner,,,,
Contrôleur Polyvalent,,Royal Mansour Marrakech,https://ma.trabajo.org/offre-4076-da8220448f0408261a6a651db60ab0bd,Trabajo.org,2026-09-26,,,,,À examiner,,,,
Front Desk Receptionist,,Four Seasons Marrakech,https://ma.trabajo.org/offre-4076-fe5c6ec545c1da6ec93e5e14f2811b18,Trabajo.org,2026-09-26,,,,,À examiner,,,,
"Reservations, Sales",,"Marrakech, 7",https://ma.trabajo.org/offre-5056-051f9172c5d7811ebdbf192d3e4f4adc,Trabajo.org,2026-09-26,,,,,À examiner,,,,
Chargé d'affaire PME,,"Marrakech, 7",https://ma.trabajo.org/offre-5056-6b139940c53b3327d9e827a0987c3af3,Trabajo.org,2026-09-26,,,,,À examiner,,,,
Stage Due Diligence,,"Marrakech, 7",https://ma.trabajo.org/offre-5056-13d478cf172a0cbd883aa95fbf17db45,Trabajo.org,2026-09-26,,,,,À examiner,,,,
Comptable Polyvalente – Conciergerie,,"Marrakech, 7",https://ma.trabajo.org/offre-5056-8e5b768003ab67f1fb5db77d80a960b1,Trabajo.org,2026-09-26,,,,,À examiner,,,,
Reservations Agent,,Four Seasons Marrakech,https://ma.trabajo.org/offre-4076-b16c12c7588cee9123e9450b5d127dbf,Trabajo.org,2026-09-26,,,,,À examiner,,,,
Comptables femmes Marrakech,,"Marrakech, 7",https://ma.trabajo.org/offre-5056-f95fc74e53e1eacdfb28db97fd796fb0,Trabajo.org,2026-09-26,,,,,À examiner,,,,
CONTRÔLEUR DE GESTION SENIOR,,"Marrakech, 7",https://ma.trabajo.org/offre-5056-9fcdf1136434120cf33310be0674dadc,Trabajo.org,2026-09-26,,,,,À examiner,,,,
Stage en Comptabilité,,"Marrakech, 7",https://ma.trabajo.org/offre-5056-e15329f44c42fdff1fbac30cb87bd83e,Trabajo.org,2026-09-26,,,,,À examiner,,,,
Team Leader trésorerie,,"Marrakech, 7",https://ma.trabajo.org/offre-5056-aaa34c580ccf36398c6397cfd874e6a9,Trabajo.org,2026-09-26,,,,,À examiner,,,,
Revenue Executive,,"Marrakech, Maroc, Morocco",https://ma.trabajo.org/offre-4076-6af682784071bfac59fb77072fb2f31c,Trabajo.org,2026-09-26,,,,,À examiner,,,,
Contrôleur Polyvalent H/F,,Marrakech-Safi,https://ma.trabajo.org/offre-4112-ea83a849059c8f55f29b55e634a8355d,Trabajo.org,2026-09-26,,,,,À examiner,,,,
Stage Data Analyst,Exemple SARL,Marrakech,https://www.linkedin.com/jobs/view/xxxxxxx,LinkedIn,2026-09-26,,,,,À examiner,,,,
